text,label,notes,source_post
"Let me tell you 2 things. 1. That let anybody do age fraud. India is now strong in cricket. So, BCCI strictly do bone testing of every players to determine their age. Due to bone testing we have margin of +-2 years. So maximum age fraud can be done by 2 years only. And BCCI is harsh on this. They literally banned Rasikh dar for same. And also Manjot kalra (u19 final MoM was banned). Basically this system has decreased age fraud. Almost every cricket who played for india has done age fraud. I personally know about rishabh pant. He has decreased around 3 years in his age. Yuvi is publically know for descreasing age by 2 years as well. Same dhoni and kohli had done. So, in india unfortunately everybody did age fraud. 2) Vaibhav is also hiding his real age. He is exactly 1.5 years elder. His real date of birth was 27 spet 2009. His father thought, let's decrease it by 1.5 years and wrote his DOB as 27 march 2011 coz bone test have 2 year margin as he was smart enough to not cross limit. Now you will ask why his father decreased his age. Because even Sooryavanshi dad didn't know it that his son is prodigy. Vaibhav was registered with BCCI in 2019. So he was playing good but nobody thought he would be that good. Even if tomorrow, vaibhav comes clean and tell about his real age. No action will be taken against him. Coz age fraud is crime only when you take benefit on the behalf of age fraud. So Even if we increase his age by 1.5 years. He was playing U19 world cup at the age of 16. Which is way below 19 years.",analysis,,Age fraud / Vaibhav Souryavanshi in the IPL
"His own interview from 3 years ago where he said he'll turn 14 that year, so by his own words he'll turn 17 this year. Some people are giving excuses like he must have forgotten his real age, he's a cricketer who's been playing age group cricket from a young age he's not gonna forget his actual age. If at all he might have said a younger age by habit, but no one's gonna say they're older than they are when asked their age."" | analysis",analysis,,
"""I don't think that he is faking his age!",hot_take,,
Manjot Kalra centurion of U19 Final of 2018 ended his career in age fraud.,reaction,,
"Well I was skeptical of him as well, but the way he has been performing is what matters, not the commentators' obsession with attaching his age with him.",hot_take,,
There are many naive people in the comments still believing that he is 15 yrs old 🤦🏾‍♂️,hot_take,,
"The recording of birth is getting more rigid and proper in India. Aadhaar and such verification is becoming more and more compulsory. Age fraud in 2026 is not that practical anymore , except for maybe few rural villages. New born babies are getting registered properly.",analysis,,
You are same kind of low life person . There is no need to support or non support age fraud . He did not commit age fraud . I know he is 1.5 years older . But i don't care . Even if somebody claims he is 15 i will say OK . Coz 1.5 years doesn't matter coz all the players almost 100% have done age fraud . We don't know about sachin . He might have done as well . He was born in 70s . Those times it was custom in whole india that people used to write 1-2 years less age due to government job chances,hot_take,,
"you've got to be so kidding if you actually still speculate fake age, the amount of fame Vaibhav has obtained in last 2 years, somewhere on the internet he'd have been debunked extensively, nowadays its all up there anyways, ",hot_take,,
"many players only had one good season for delhi, it's not a new thing... other teams can still reach out to him and he might perform for them... gambhir, abd, boult etc...",hot_take,,Players who benefitted the most from flat pitches and the Impact Player rule
"The most is vaibhav clearly, without the impact rule they might not have played someone super young due to fielding issues and so on and maybe he would never have gotten the chance rr gave him.",analysis,,
I will say all the players who are now 35+ have got a second lifeline due to such pitches and now r scoring more runs than ever,hot_take,,
Players?? a team won two trophies due to impact player,reaction,,
Jake Fraser Mcgurk was first player which came to my mind but he played good for only 2024 season. He failed badly in 2025 & wasn't picked by any IPL team in 2026 auction.,hot_take,,
"Retain both. Release Pandya as captain. Give it to Sky/Boom and Tilak VC.

Retain Sky for a lower price. That 16.35 Cr is not justifiable. We don't have bench strength.",hot_take,,Should Mumbai release both Hardik and Surya?
"Suryakumar is literally their best batsman of all time after Pollard. People seem to forget he had a 700+ season just a year ago, this season was bad for him but it was bad for EVERYONE in MI. They should definitely give him another chance",analysis,,
They should release Aakash; that might actually stabilise the club and bring it back on track.,hot_take,,
No surya.. only pandya will be released by MI money indians,hot_take,,
"Abhishek kinda gets the hate too, everyone has come to terms with the fact that hes not a big match player. Its an unfair comparison though because SKY is nearing his retirement age and Abhishek has just started",hot_take,,
"Both players have been out of form and there is honestly very less hope that they can bring back the glory days for MI

But releasing both of them will definitely cause a huge rift among fans and affect Mumbai's core stability, but it would also free up a huge chunk of money for the upcoming auctions",analysis,,
"At this rate, my money is on Deccan Chargers",reaction,,Who do you think will stop their Trophy drought first out of the 3?
"RR are most likely to. They have less to fix. DC always seems to start strong but mess up later on. Pbks, well, there's lot to worry about actually. Especially after a season like that. Being unbeaten in the first half, you should've been the first team to qualify, but if you miss out on qualification, then there's lot that needs to be thought about",analysis,,
Are you joking...jurel is inconsistent with 7 half centuries and 515 runs at a SR of 160? And parag was sufferimg from an injury for 2 years and is now operated yesterday and will be back to form hopefully....btw parag is considered one oft he best all rounders in india at the moment. And it was out of their hands to lose curran....now they will fix that spot and one indian pacer and ofc theyre winning..,analysis,,
"DC last 3 seasons:

14 points 15 points 14 points

Honestly, they have a good team. In case they manage to click in 2 more matches, a top 2 finish along with a potential trophy is not far away.",analysis,,
"
I believe it's between rr and pbks. they've shown most potential out of the 3. dc has a lot to fix before even becoming a contender.",hot_take,,
"
I back RR. They came third with a very young Indian core. Vaibhav, Jaiswal, Jurel and Parag have a lot of growing to do and they will be scary in the next 2-3 years. Archer still has years to give to the team, Punja looks like a proper T20 bowler. Imo they just need to get their other bowlers sorted.",analysis,,
"
Punjab kings if the team stays the same, this year all their prime bowlers were out of form but they have a strong team. Next ipl for ashes aussie and england players might not be available so rcb wont have hazelwood, dc wont have stark rr wont have archer",analysis,,
"He never deserved a t20 trophy as a coach It was Sanju’s trophy

And who gave Sanju an extended run in T20s? Certainly not Dravid lmao who was kept playing Pant.

He was praised for mentoring kkr where Shreya’s deserved the credit

More like Shreyas was able to touch the trophy because of GG lmao, otherwise KKR would have lost 6 matches in a row.

And why the heck are you even giving the credit to Iyer?

Narine had the single greatest IPL season ever, Dre Russ had a godly season as well, Philosophy Salt was playing like he was possessed, the batsman even at no. 8 were good enough to entirely changed the game.

Meanwhile Iyer? He scored something like 300 odd runs, he had as good of a season as Riyan Parag in 2026.

As for the bowlers? They had Narine and Varun at the spin department which was a best IPL spinner in history vs best IPL spinner in present type of spin attack.

Pace attack? Harshit and Vaibhav had their form of life and they were amazing under the guidance of Starc.",analysis,,Gill Bias towards Gujrat Titans players in the Indian national team
"Dravid was not a good coach himself, his decision of backing surya and not having batting depth till 8 cost us the 2023 wc and 2022 wt20. Also lost wtc final under him. The 2024 wt20 saved his image but rohit had a bigger role in shaping that team after failure in the last two events",analysis,,
"All GT lobby players deserve to be in the team

except Sai and Prasidh",hot_take,,
"As if half of them were already not playing before , such dumb logic same as mumbai bias in t20 team",hot_take,,
They even justified Sai getting a nod ahead of DDP saying Sai has a 700+ season in ipl. Harsh Dubey was great in Ranji this year yet Manav Sutar gets test debut before him. ,analysis,,
"Washi over Axar and SaiSu over DDP is diabolical. GG is single handedly ruining the Test Team.

Asks senior players to play Domestic to keep their place in the XI, but doesn't give youngsters a chance based on domestic performance. Youngsters are selected in Test team based on their IPL performances and the coach and captain's whims and fancies.",analysis,,
If everyone started watching domestic than sai and Suthar wouldn't even start in Sai's domestic team there are like two to three players with more avg than him and players that has double his avg and harsh has taken the highest number of wickets in ranji history so it's u who isn't watching domestic cricket,analysis,,
If everyone started watching domestic than sai and Suthar wouldn't even start in Sai's domestic team there are like two to three players with more avg than him and players that has double his avg and harsh has taken the highest number of wickets in ranji history so it's u who isn't watching domestic cricket,analysis,,
"
It’s all the same like before. New govt new leader so all governors and judges get elected from their inner circle. It used to be CSK quota, then RCB then MI and now GT",hot_take,,
"So you lead the kkr team? And i should give credit to you?
Do you even know how to hold a bat and face 140+?
Taking away the credit from shreyas. You have zero ball knowledge.
I agree kkr had the good season but it’s the captain who makes decision on the field.
The same kkr struggled without a captain having the same number of players , in fact who had the good auction.
Zero ball knowledge
Gg is not good bro, don’t defend him.
I remember gg was complaining about jay shay giving opportunity to some so called player just cuz he liked them.
And have you seen him taken decisions to back players who had good domestic red ball season?
He is corrupted!
Dravid was by far the good coach India had
He unfortunately was on the winning side when Sanju had to perform and coz he had no place in the team.( let’s talk about Sanju for a moment 1) he had three centuries when opened the t20s 2) they drop him because of politics and backs shubman where he had bad average.3) later sends him down the order and he loses his form and gives Ishan his place 4)gives opportunity for Ishan instead of Sanju when Ishan had good season( not complaining about Ishan) but Sanju rightly deserved his place.5)surya doesn’t back him the whole worldcup and behaved so badly in the conference (choothiya sky) finally he gets a chance because they were mostly out of the league( oh I badly wished they lose one match after that).Sanju single handedly changed the whole situation.
Don’t back these losers",hot_take,,
"
Multiple selections from one franchise are bound to happen naturally, when players dominate both domestic and international cricket .",analysis,,
"Saw a lot of comments complaining about why Sundar was picked ahead of Axar

Sundar being a right hand offie isn’t competing with Axar a left hand offie.

People can’t even decipher that it was Manav Suthar & Harsh Dubey that were picked over Axar.

Just have a look at Axar’s last 7 tests, all at home, all he has is 10 wickets to show on rank turners.
The guy can’t even turn the ball, all he does is bowl darts at the stumps.",analysis,,
"GG and Iyer dont even have any sort of bad blood in the 1st place lol , the only incident I remember was Iyer not being in the 2025 eng 1st ODI in starting XI but that too I feel was more of giving Jaiswal a debut cap rather than dropping Iyer , GG was one of the first people to recognise Iyer's leadership skills and both have worked beautifully in KKR's 2024 run heck I even feel Iyer wouldnt have left KKR if GG continued , so all the BS saying GG not wanting Iyer as captain ( and on top of that Agarkar who literally dropped Iyer from central contract in 2024 and then ignored him fully for T20I squad in 2025 suddenly wanting him to captain lmao) is nothing but clickbaits and fake news",hot_take,,"Just curious, why so much hate (Regarding Shreyas Iyer as KKR Captain and Gautum Gambhir (former captain) as team coach)"
"GG was a visionary and very great player, even outside the field. Grit and passion to win it for India has always fueled him. Even as coach he brought that direct and one for all structure. I mean star glazing is very much existent and that's the reason for his hate partly. It was always that Selector and coach or Captain has picked someone over others. Even the biggest gambles like opening with Rohit, etc were fruitful because decisions were allowed to make thinking out of box. Harshit did good and can be a worthy asset in the pace roster.

For those all who see ICT first and then players, GG can never be a troll piece. Yes, sometimes some decisions won't align with our wishes or doesn't seem obvious but as long as they are in the intrest of ICT it's fine. We don't have to agree with everything for him to be a good coach.

I'm also a big Fan of RoKo but for that I won't give blind hate to GG and all the sidelining fisco of Iyer was Agarkar, who actually wasn't selected as selector on a merit basis. He has no credentials and all the fuck ups done with the team are mostly his personal targeting and opinions. So half the hate towards GG is actually for Agarkar but GG is a easy target and it's easy to flow with tide.


",analysis,,
"Bro Agarkar & GG tried to drop Shreyas Iyer from ODI before CT who is arguably one of the best No.4 of India ever.. Who ultimately ended up scoring the most runs in CT.. Rohit had to fight to get Iyer in Playing XI.. So dont give me that GG doesn't hold personal grudge.. Just to exclude Iyer, GG was ready to disturb the whole batting lineup in ODI & get Gill at 3 & Kohli at 4.. Even right now reports are GG doesnot want Iyer as captain..",analysis,,
"Because the fanbases of big 3 hates him, that's why.

KKR is successful because of Gambhir only, they're Delhi without him.

They still remain the only team from original 8 who never played knockouts in 2008-10 cycle and their fortunes changed when he joined in 2011.

He's the one of the clutchest player and one of the big reasons we won those World Cups in 2007 and 2011, he will always have my respect for that.",hot_take,,
"
I don't get why Shreyas should even be captain of the side now. He wasn't even in 15 member squad when we played last time. When you call someone who isn't even in your team to directly lead the side, it is usually because team is in shambles and needs a complete overhaul. But we literally just won T20 WC for 2nd time in row?

I believe the conversation about Surya's sacking should've handled better. He's WC winning captain for god's sake. One backroom meeting, a simple tweet by him saying he feels he's achieved everything and it's time for next person to take over. So he's stepping down/retiring. But no. All drama. I personally hope that news is false entirely, but doesn't seem that way atp.

As for other contenders, I believe it should be Sanju or Ishan. If they want a completely young man in charge, then maybe Tilak. Had Shreyas been in the team already, that's different situation.",hot_take,,
"
GG is always portrayed wrong like some sort of dictator by media and so and so called fans !!! He is against star culture in ICT which fans hate . He maybe wrong at times but he is got a point , daring enough to drop anyone no matter how big the player is unless its Harshit Rana",analysis,,
"What credentials did he have to be coach of a national side? He was mentor at LSG and KKR but never a coach. He was never a coach anywhere else either. He's fine for T20s but his approach, style, too much shuffling batting order, playing too many all rounders instead of specialists, obsession with left right combination, etc just doesn't work in test cricket. In T20s, he's more or less inherited a well established side.",hot_take,,
"
90 percent of the Indian audience is just superstar worship and nothing else, he doesn't believe in that culture and hence the hate.",hot_take,,
"
If you think he is a saint then go through this

https://sportzpower.com/real-estate-fraud-delhi-court-orders-fresh-probe-against-gambhir/",analysis,,
"The hate is so stupid, that people say he didn't have any role in KKR's IPL title in 2024 and Iyer was robbed ofg the credits (another bullshit claim).

But the same people hate SKY more than Gambhir because apparently he became the captain as he's close to GG, and say his captaincy didn't win us the t20 WC. But at the same time, they don't credit Gambhir for the triumph.🤣🤣",hot_take,,
"
dw lad now that iyer has been picked to lead the squad, the hate situation is gonna be flipped now, GG will be out of the spotlight and everyone's gonna start hating iyer now

",hot_take,,
"
Because he is, was and always be a sore loser. I am in my late 30’s and have seen it all. Never seen this guy happy. Always crying, bitching and complaining about everything he sees. He has his favourites and he knows how to play the game “politically correct” to accommodate his favs. I want Indian team to do good but can’t stand this guy lol. Before anybody @ me. THIS IS MY PERSONAL OPINION. Ty.",analysis,,
No one in right mind would ask for 30 crore . He wanted to leave as he even unintentionally exposed Venky that he gets involved in team talks . Then later when GG and Nayar left he knew team would be in shambles and hence he wanted to leave asap . Why would he leave opportunity to work under Ponting anyways . Nobody would want to be under Chandu and Dancer .,reaction,,The truth behind Shreyas leaving KKR; from the ongoing AMA with sports journalist
we may never know the news was ages agoo why dig open now?,analysis,,
"yea, he revealed that the KKR CEO was more than often involved in the team's selection and internal affiars, all of which should've actually been handled by coaching profs",analysis,,
"Shreyas exposed KKR management just like Ganguly, which is why both of them were kicked out, as neither of them wanted the management poking their nose in every team matter",analysis,,
"Ending the superstar culture is the biggest clown gimmick. People have started watching RR games just to get a glimpse of Suryavanshi, SRH gained relevance after the dull period just because of the explosive batting of Head, Abhi and Klaasen.

Stars run the game, if it weren't for Sachin the OG star cricket would have been as irrelevant as other sports in India.",hot_take,,
"That's a stupid take. Just because you started caring about a team because of their stars doesn't make the star culture good. Come talk when your stars stop performing and you are stuck with them while the team drowns.

Look at MI. They can't remove Surya or Rohit from lineup despite dogshit stats because they're so called stars and the the whole team is suffering because of it.

Ultimately people will always have their favourite players. No one can stop it.

Ending star culture just means the ability to treat people the same way as any other player when they fail to perform.",analysis,,
"You need someone who people can look up to, if cricket is going to reach new audience, they need that superstar effect, someone larger than life, wow that effect . That may not help get trophy,but it sure helps to excite people who aren’t that into cricket ,I’ve seen this first hand.

Lot of neutral viewers that I’ve seen don’t care who win, they watch for entertainment, some stars fall and some rise to fill that spot, life goes on just like Sachin after Gavaskar, Virat after Sachin , sooryavanshi after Virat …..

Having stars in team even when they don’t perform make sense financially because lots of sponsors prefer big names to be in team, is that a good thing to do? Probably not, but end of the day cricket is a business, which is financially supported by advertisers and sponsors who in turn sell to general Public. This is same with all big sports that make money.",analysis,,
"Well this gimmick has won us 2 icc trophies and 3 trophies for kkr so ig it’s working. True cricket fans dont care about superstar culture, they just want to see there team win trophies. Rcb has had superstar in previous years but looks happy they are after winning 2 trophies and this team btw only has one superstar. As a kkr fan i really feel happy for them. Star culture is useless unless you’re winning trophies.",hot_take,,
"I honestly don't care about it being religious. it's part of our culture. People don't bat an eye when every other Bollywood song is in urdu and uses word like all*h duhayi, etc. 

My issue is with the time it took, it was way long and led to delayed start of second innings. They should respect time and focus on sports rather than prioritizing other entertainment on field.",hot_take,,why this backlash towards half time show of final? it was literally awesome!!
"Well, downvote or upvote... What said needs to be said.

As a non Hindu, i myself know how much I love that song... Be it cultural, religious or whatever in your... But I believe it's religious and it's a song I love (especially it's metal cover by TDT)

Now talking Qatar WC inaugural event, that was more of a global event, even had controversies disobeying Qatar's policies, even many artists chose to stay away from Qatar WC because it's Qatar... Yet the inaugural made controversies... Quran part? Here is it's meaning 

""O mankind, indeed We have created you from male and female and made you peoples and tribes that you may know one another""

Literally a global message, plus Qatar is an Islamic state , not a so called secular country like India, so they can do whatever, and yet the organisers did beyond countries limit... If India was really secular, should have preferred a patriotic or culture oriented or maybe even a movie song than a religious one.

I honestly enjoyed the performance, but what said needs to be said for some white washing in comment section... 

Don't tell me the song is cultural related, it's a religious hymm, just accept... Religion and Culture are different.",hot_take,,
"We are a secular country bro. There is no reason to have a religious show in a cricket event. They can do this , even grander in any religious event. Doesn't sit right with a cricket match tho. Qualifier 1's show with the theme of patriotism is better for example.

PS before anyone comes with muslim that muslim this . It applies to them too. (Secular means anything that is worldly, non-religious, or independent of spiritual or ecclesiastical control). There would be the same dislike if saudi did some islamic stuff during their global sports stuff.",hot_take,,
"You don't even understand what secularism is bro 😭 you're twisting the meaning

Secularism is demarcation of church and state!!! That's it

A secular republic which we are means our laws cannot be affected by religious beliefs it ends there

It doesn't mean you can't have anything religious in sports events or movies or any form of entertainment

It means government and the laws it makes can't be inspired by religious beliefs

It doesn't mean no public aspect of the society can be religious

Alot of times culture overlaps religious practices


",analysis,,
"
Past year closing ceremonies have had songs like Jai Ho, Vande Matram, Chak de India and various other songs associated with the country. But this year it was Kailash Kher performing Shiv Ji's song, I mean there is nothing wrong in the song, even I enjoyed it ,loved the intensity of dancers too but I personally believe one religion songs shouldn't be played on these occasions. Either country songs or other movie songs should be played. And that's not cultural song that's a pure religious song, you you want to see cultural performance go see opening ceremony of Commonwealth Games.",analysis,,
"The only problem or issue that I felt was that it should have been before the match. After the first innings I couldn’t wait for the second to start, so tbh couldn’t enjoy the show as I just wanted the match to continue. The show, lighting, music and dance were all good but should have been before the match",hot_take,,
It’s not about the performance it’s about how long it was i mean it’s a game of cricket just keep it that way naa if you want to have the performance keep it short soo it doesn’t break the momentum of the game !! That’s the issue nothing related to religion or anything,hot_take,,
People having problems with religion and they barge that religion is destroying the country. There was no hate when earlier it used to be Maula mere maula. This one sided secularism doesn’t work. Either you are against both or you accept both. I liked it and so did my friends. We liked the maula mere performance too. Stop making everything about religion and stop being against a religion in the name of secularism!,hot_take,,
"
I thought it was good, until it wasn't. I wish it ended sooner or there there was a switch to a different theme . It was too long and continuous for one song. If it was not in the middle of a game, they could have slowly built up the hype and then this lengthy performance would have made sense.",reaction,,
"Awesome or not, halftime show is a American concept that I hate seeping into every sport I watch",reaction,,
Even though the match looked one sided. Rajasthan did show showcase some real brave choices while batting. 👏,analysis,,They kept donovan ferreira for last few balls
"
He would have gotten out like he did in past few matches and then we would have no batters left to compliment Vaibhav.

It was a good decision which paid off but our bowling didn't turn up, when Archer fails others fail too.

We have conceded 3 of Top 4 highest chases against RR this season only.",analysis,,
"
Tbh Parag wanted to smash spinners so he didn’t walk at his usual position when Archer and Siraj were blowing good.

He sent Jadeja to deal with some tough bowling to face.. Jadeja built decent partnership but as soon as Rashid khan came up on his run up.. we saw Jadeja walking off and got retired hurt.

Then came leg lapeta Pan Parag and he smashed few sixes but his fear of pacers came true when Holder made him walk to the pavilion.

Now again two quick wickets and they had to sent Jadeja back so that they can hold Ferreira back for assault in last few overs as finishers.

Jaddu came back and batted( with so called retired hurt injury) and then when it came to swap your impact player the genuine choice was to give rest to your injured player Jadeja but RR made Jaiswal swap and asked Injured Jadeja to field for 20 overs and he even bowled.

What a drama just so that Pan Parag was sacred to face genuine pacers like Rabada? And hit few sixes off spinners? LOL they think audience is fool?",hot_take,,
"
brain-dead ipl teams like over complicating things for no reason, your best batters and bowlers should always go upfront, there's no point in saving them for later

one of the most annoying stuff these guys do again and again, why wouldn't you want you best performers to face the most balls to get the best chance of winning?",reaction,,
"I am absolutely furious. We just watched RCB comfortably secure their spot in the final after destroying GT in Qualifier 1, and instead of preparing for the absolute carnival that the Chinnaswamy Stadium should be this weekend, we have to watch our team play the grand final in Ahmedabad again.
For context, the BCCI literally confirmed in their official press release that Bengaluru was the original choice to host the 2026 IPL Final. But because our local state association (KSCA) and politicians couldn't stick to established guidelines and demanded ""requirements beyond the scope of BCCI protocols"" (we all know exactly what that means—bribes, massive VIP ticket quotas, and free compliance passes), the BCCI just said ""screw it"" and shifted the matches out. ",hot_take,,
"
i’m good with it not happening in Bangalore. Its raining cats and dogs in the evenings, the foolish MLAs want 10k seats, the ticketing system is corrupted af with nearly all going to black market. We would be looking at 7-8k minimum priced tickets for a finals with RCB.

Plus if RCB wins, due to the narrow roads around the stadium it would be very tough to control the celebration. You would want to avoid it.

But yeah, finals going to ahmedabad should be questioned.",analysis,,
"After the stampede, hosting competitive cricket matches happened after a lot of thought and consideration

There’s no way the finals would’ve happened in Chinnaswamy given the kind of celebrations that happen after a team wins a trophy. Also governments stupid decision to give MLAs free tickets was the final nail in the coffin of even the minute chance of hosting the final",analysis,,
Nah bro it would have been hosted the issue was govt was asking for 10k seats from 30k which bcci did not approved but rcb matches happened because rcb approved that but the playoffs are conducted by bcci not ksca,hot_take,,
"
It would have happened eventually for some or the other reason. Don't wanna make it political but this excuse works in two ways considering Karnataka has a different party in power and those morons are busy fighting among themselves for power that they would even oppose this.",analysis,,
"
I can understand not hosting it at Chinnaswamy, but automatically choosing Ahmedabad is baffling. There’s Eden and Wankhede, venues that have hosted iconic games, yet it always comes back to Ahmedabad. It’s just so predictable now. Moreover, if you’re taking away the defending champions’ home advantage, the least you can do is pick a truly neutral venue.",analysis,,
"
Again rcb csk matches r different

But that stadium always has less crowd,I'm seeing this since 2023, also lsg is the least profitable team rn so yea I don't think they gonna give ekana a chance

Also it's a newer and smaller stadium with lesser facilities so it still not filling the entire stadium is a big issue to begin with

Like it's still understandable that NaMo and Eden Gardens isn't full cuz those are very big stadium and even with 50% full is a lot",reaction,,
"
Completely agree with you on that. I was only giving a reason for why not Chinnaswamy

The way Ahmedabad is chosen almost as default for every minor inconvenience is just baffling. Eden wouldve been a good option imo after they lost out on the rights last year",hot_take,,
"2024 narine..17 wickets with 488 runs mvp points above 400,with 2 matches being washed awayl",hot_take,,Which has been the best IPL campaign by a player in 19 years.(stats in description)
"
I will go with

Narine 2024 (he is incredible and won trophy)

Kohli 2016 and Vibhav 2026 (dream stuff)

Watson 2008 (to achieve nearly 500 runs and 17 wickets in 2008 plus trophy is outstanding achievement)",analysis,,
"
GAYLE 2011

8 WICKTES 600 ODD AT 50 RPI @ 180 SR WAY BACK IN TIME WHEN PITCHES WERE NOT MUCH HIGH SCORING",analysis,,
"
2024 Narine without a doubt but wanna let some people know that 2 campaigns which are very underrated Chris Gayle 2012 only played league stage also the same year he smashed the now shattered 59 sixes and Warner's 12 match orange cap win in 2019 they are pretty underrated",analysis,,
Player of the match isn’t the best way to check contributions. It’s good but it doesn’t show consistency. Sooryavanshi has got 3 player of the matches awards but his runs had significant impacts on other games as well. His intensity blew away teams and other guys cashed in. ,reaction,,
"
For me, it will always be Gayle in 2011! He single-handedly carried RCB into the finals with a very subpar team. Kohli was new to international cricket, with no real batting after 3, and AB was pretty average. The only bowler RCB had that season was Dan Vettori. People speak about Kohli single-handedly carrying RCB into the finals. I'm not sure if I fully agree with that. Despite Kohli’s heroics, there were other players in the team too, like ABD, Watson (who held the purple cap for quite some time that season), Gayle, and KL, chipping in with their contributions.",analysis,,
"Warner ,2019",analysis,,
"
2025 Surya and he carried the whole batting last year.

This year he flipped and entire team has flopped.",reaction,,
"2016 Kohli, man was unreal and in beast form. 973 in just 16 games even after having a duck. 919 runs in the league stage, he had to score 66 runs every single innings on average and he did it at a sr of above 150",reaction,,
"
Bro I’m a SRH fan and I will forever be grateful for his services but that 2016 Kohli season was unreal. If ABD 2016 was better he’d have 900 runs to show for. 973 runs at 81 with a sr of 150 odd is incredible, 4 hundreds in it as well.",analysis,,
Narine 2024 (best) and Warner 2016 (2nd best),reaction,,
GAYLE HAD 8 WICKETS AND 600 ODD RUNS AT 50 RPI AND @ 180 SR,reaction,,
Leave all that. It just makes the game boring. Whoever are in charge are not doing a good job. BCCI has never done a good job. Cricket is just free money in India and people end up believing that it is because BCCI is doing a good job.,hot_take,,"Couldn't agree more, 170-180 par score seasons are just perfect. Now everyone thinks they are a great batter and slogs blindly."
"
Never thought I'll be talking to the pitch of my hometown but hey, you do make fair points. Unfortunately, there is a good section of people who think 200+ scores and 6 every other ball is what makes cricket interesting. And no, I don't say this because CSK struggles to do just that. I find it the same even when internationals are moving towards that direction.",analysis,,
"
Half the time fielders are doing jackshit on the field as balls just go out the bounds repeatedly, and then ball retrieval and baller taking position again. It's pretty much by design to insert more ads. Lower scores wouldn't get them that.

Wouldn't be surprised everybody's bored out of their mind standing around for 2 hours and the shitty ass music blasting around. And then they drop catches when suddenly something happens and comes their way. Guys are just not mentally active.",analysis,,
"All this and Livingstone couldn't manage a 100 stroke rate in the death overs lol

He's not wrong tho


",hot_take,,
"Well if Vaibhav, Gayle, Kohli, ABD etc say it then it makes some sense although we will still question Kohli strike rate? These pitches are too easy for us, give us cracked day 5 test pitches and red ball then maybe we will feel some actual challenge. If Nehal Wadhera says this, its just sour grapes as easy as that


",hot_take,,
"Miss the days when 170 felt defendable . Making every run genuinely valuable , skill, strategy and bowling mattered more.


",reaction,,
"
well how many people watched when 170s and 180s were hit this season? stop acting like y'all are intellectuals when y'all ignored those type of games",hot_take,,
Well every team prepared pitches according to their team you won't see anyone crossing 210 in Chepauk everyday ahmedabad also have different pitches according to their team even firosha kolta where avg score is 200 have pitches on which it is very difficult to pick. It's just that modern batters know only type of game and that is hitting every ball. Ishan kishan and shivam dube showed how to read conditions and score well in T20 wc.,analysis,,
"If you want to play your so called “proper” cricket, go play tests. T20 as a format is evolving coz it needs audience to stick. Making it boring for the common people will only make the make the viewership go down.",reaction,,
"
I would have agreed with this if someone like Kohli, Vaibhav, Gayle, ABD or Warner said this. This guy played a masterclass of 14(20) vs LSG in the same match where Nitish Reddy scored 56(33). To announce that the league is too easy, first you have to dominate it. Imagine if Nehal Wadhera said IPL is too easy and flat",hot_take,,
"
AI slop equivalent of Sports! 

Slog and slop everywhere!",analysis,,
"I enjoy a few high scoring games but when a team has 8 batters and a couple of all rounders they all end up being high scoring matches.

Would it be better if only specialized batters + 1 allrounder and wicket keep was allowed to bat and only specialized bowlers and 1 all rounder was allowed to bowl?",analysis,,Do we need some changes to restore balance between bat and ball in T20
"
I agree. But the truth is ind wouldn't have won t20wc without falt picthes, and they also bring huge viewership so they are not going anywhere.",analysis,,
"
Just fix the boundries length and pitches, the raipur ground provide 2 competitive games even with impact player


",hot_take,,
"No need for these pointless changes, just make the pitches balanced as they used to be and remove the impact player rule. Then every team will automatically play carefully.",hot_take,,
"
Just make the grounds larger and do not allow small grounds to host until they revamp to fit the bigger dimensions.

But, nobody wants a 160-180 dotfest. Viewers want runfest",analysis,,
"
I just feel bowlers now don't try to take wicket they just want to concede least possible worse figures

Also captains walk like if the batting first team can score this many runs we can also chase it they make a lot of bad bowling changes and felt they didn't tried much",hot_take,,
"
Yes its need of the day, Give pitches that has something with both bat and ball",hot_take,,
"Its been 3-4 years since I’ve realised the IPL has gotten way too serious. What was once a franchise league which players played for the fun of it without emotion, has become a stronger agenda to some than International level cricket. It’s not that I dont like the IPL, I fully support the concept and watch games very frequently. Do we see players like Steve Smith crying after losing games in the Big Bash?

Just an opinion, i dont think winning these titles should matter to the cricketers at the deepest level.",hot_take,,
Dont let bro cook,analysis,,
"
IPL is definitely meant for entertainment. But there are many players take it seriously because its bread and butter for them and have lot of emotions involved. For some its money, for some its emotions of winning games so that they can have a better career ahead.

Kohli fell on his knees and cried aftr winning the cup last year, because of playing for 18 years for the same franchise which backed him and along with a loyal fanbase.",hot_take,,
sport itself is basically for business and entertainment,analysis,,
"
IPL is much more competitive than T20 WC, hence emotions are inevitable. The best of the best play in this league. Ask the value of ipl debut to that one player who has been warming the benches for the last 2 years",analysis,,
"
A team which is so weak on paper like RR, finishing on 3rd position is almost like Netherlands finishing third in t20wc. Ipl teams always punch above their weight, and we saw the turnaround during second half. ",hot_take,,
"
You have probably grown up watching 2018-2023 ipl seasons, which were comparatively unpassionate to earlier or current seasons,",hot_take,,
"
Idk if this is just rage bait or a karma-farming post now that the IPL is almost over. But if you want to watch top-class cricket with players giving their best, you need them to be passionate. Without passion u wont enjoy them as well. Otherwise, you might be better off simply watching the CCL.",analysis,,
"
""played for the fun of it without emotion"" sports, competition is always full of passion and emotions.

Also, this is a bigger platform than even international test matches if you look at the weightage of the sheer number of eyeballs it grabs.  Steve Smith cried crocodile tears after sanding the ball, that's the kind of scum he is.

If you think winning these titles does not matter, then you are mistaken. Ppl hail dhoni as goated captain because of his icc trophy and ipl trophy legacy.

Infact, his ipl trophy legacy covered up his overseas test failure as a captain. That's how much it matters to viewers and players.",reaction,,
"
Bruh I just gave an opinion and its ONLY the rcb fans getting so insecure bruh. I didnt even mention any team yet its always them barking",hot_take,,
"
Ipl should have an all star charity game at some point. Maybe in the middle of the season or something with the best team at that point vs the all starz team(best players from remaining). Kinda like how they did it in galactik football cartoon.",analysis,,Made best XI this season (my opinion)
"
That would be so fun and dope just fans sitting down and enjoy the game without the worry for points nrr or trophy just pure cricket with no bickering for once",hot_take,,
"
You guys know that Abhishek hasn't done too badly scoring over 550 runs with a strike rate of more than 200. Abhishek over Kohli for me. Maybe Rabada over Shiraj. Rahul, Gill, Kohli, Patidar, and Iyer will have to fight for a position in my team",hot_take,,
"200 + runs and 10+ wks and clutch factor in an era where allrounders are dying,i saw kp is up there",reaction,,
"
He is at 96th on this IPL MVP list lol. Not that he isnt good (he is obviously great), but there is no logic in picking him in this XI. Even on impact/match, he is ranked 84th.",hot_take,,
"
This team doesnt need impact player, if they need a extra batter to finish, ashutosh is a good option and NKR for bowling option but imo overton is suited but 4 overseas slot already filled",analysis,,
"
I love Kohli but putting him above players like Abhishek and Gill? Gill has more runs at nearly the same strike rate while playing a game less while Abhishek has similar runs but at a much higher strike rate. Heck I’d even put KL above Kohli this year for scoring nearly the same no of runs in fewer matches and at a higher SR while carrying an absolute shit franchise",analysis,,
This playoffs system was for past 15 years right why I am seeing so many posts this year only,analysis,,
Why we are seeing such posts this year only lmao? I guess when certain teams were finishing at 1/2 back in the days nobody had problem,analysis,,
"And with exactly same logic Bengaluru has hosted finals (2014, 2016) of IPL infect played finals (2016) at home Chinnaswamy despite earning nothing to play finals at home then.

Then why suddenly asking question this year only- ""it's unfair to move finals at Ahmedabad!""

Nobody asked a single question back then! Hypocrisy at its very best 🤷",analysis,,
"
Johan-Liebert7
•
25d ago
Its not about finals not being hosted at Bengaluru its more about why always Ahmedabad? We have other iconic stadiums like eden , wankhede, uppal, chepauk why not them? That’s the bigger issue Ahmedabad gets final every year its so damn annoying",analysis,,
"
Australia has always hosted even smallest of the important finals in MCG since AGES! Biggest stadium in the country (in the world until NaMo)

They've never asked why always MCG when they can host finals at their historic venues such as in Adelaide, Sydney, and at Brisbane GABBA!

In BBL Only twice in 15 years previous year's champions hosted the finals else they predominantly play finals at Perth (earlier WACA now Optus). Optus is second largest stadium in Australia!!

Sri lanka has always hosted tournament finals in Colombo! They also have freaking iconic stadiums like Galle, and Kandy! Colombo is biggest stadium in Sri Lanka!

South Africa held all the major finals in Johanesburg which is their largest stadium!

Evrything is for a reason.

Nobody dare ask anything to world cricket and the way it's being played since years and shaming your own country?!!

Hypocrisy at its absolute best 👏👏👏

(I dare anyone argue here with logic, facts and stats and not hatred)",analysis,,
Nah it's fine you need to give benifits to top 2 ...since we don't have any traditional league toppers trophy ,analysis,,
"That's what finishing in Top 2 makes interesting! If teams finishing at 3-4 are getting enough rest between matches then what's point of finishing in Top 2 just that winning team gets to play final and loser gets one more chance??

Even this 3 venue Playoffs makes it difficult for team loosing Q1 which even they have to travel for 2 continuous matches if they manages to win Q2!


",analysis,,
"
Bro you’re talking about a literal 0.171 NRR difference between 2 and 3 and a 0.259 NRR difference between 1 and 3. You don’t need to accomplish significantly more than 3 and 4 to come in the top 2.For such small gaps, getting a second shot at the final and going straight to the final are already such substantial advantages.

Moreover, 3 and 4 have to play 3 do-or-die games straight in just 5 days while traveling. Even the Q1 loser gets 2 rest days while the eliminator winner gets just 1. Having Q2 at Mullanpur is just a way to slightly reduce the travel and strain for the team that actually won their game but you have a problem with that too.Bro you’re talking about a literal 0.171 NRR difference between 2 and 3 and a 0.259 NRR difference between 1 and 3. You don’t need to accomplish significantly more than 3 and 4 to come in the top 2.For such small gaps, getting a second shot at the final and going straight to the final are already such substantial advantages.

Moreover, 3 and 4 have to play 3 do-or-die games straight in just 5 days while traveling. Even the Q1 loser gets 2 rest days while the eliminator winner gets just 1. Having Q2 at Mullanpur is just a way to slightly reduce the travel and strain for the team that actually won their game but you have a problem with that too. show of",analysis,,
"
Cuz top 2 gets 2 chances to go to the final already😂! They already have that advantage.

Why you making it extra harder for 3/4 team from taking away even extra day of rest. It's crazy, makes it so much harder than just harder.",analysis,,
"
Because difference between 1st and fourth team can be even more than 10 points so it is right to give them massive advantage , like imagine 1st team having 24 points , 4th team with 14 points but the 4th one winning just due to a lucky day",analysis,,
"
100% I mean playing a game and then travelling and practicing on a new pitch and environment. Team winning qualifier 1 has huge advantages I think it should be atleast 3 days",analysis,,
"I understand that there will be all kinds of trolls and abuse that one can use for a certain team (like 49 is used for rcb). Now if it was something related to what srh had done on the field, I would understand. But I still can't wrap my head around the fact that we are the only team who are called pakistanis when it was something which was done by our owners in a foreign league. That is their business, what can the team do about it? And if you still wanted to call us pakistanis, there are other franchises who have pakistani players in their overseas teams. But they are never called pakistanis? Anyways, this is just my 2 cents. What do y'all think?",analysis,,
"
Not saying that I support the ""Pakistani"" thing. But, you're talking about how y'all have to deal with this considering the owners did it yeah?. In CSK's case, the whole 2016-17 thing happened cuz of the owners family member So, this is not new. CSK fans just deal with it cuz what happened happened. So, just deal with it and let your performance speak (it did not happen today 😭).",analysis,,
"
Both RR and CSK owners did the betting(not fixing) as result both teams got banned, but mostly CSK team is called fixers by other teams. Umpires have given questionable decisions in favour of other teams as well, but on MI is asociated with umpire being their 12th player. LSG team is hated only because of Goenka.",analysis,,
"My 2 cents, you are okay with humiliating other teams. But, when it comes to yours, there is certain terms and conditions in which way you need to get humiliated so you don't get hurt! Honestly, I never hate watched a match as much as this season. Amount of hate RCB and CSK got in SRH sub is insane (Say what owning them?) and top of that those over confidence silenting players teams. Man, sometimes those people deserve some (not everyone especially those humiliates other team fans. Well, I don't draw boundaries when they are not)",analysis,,
"
This whole discussions are pointless period. Just agree that every franchise has toxic, lockdown fans (sometimes also disguising as one from the rival fanbase to ruin their reputation) so stop wasting all of our energy on them and focus on something that you can control

I personally have a lot of respect to SRH for the brand of cricket they played in the second half of the szn, its just game that one bad day in knockout and its the dead end for this year cheers guys 🍻",hot_take,,
"
RCB gets called murderers for a tragedy caused by the government's negligence, including fans of your team (especially that adha nanga cover wala gymbro). I ain't calling your team Pakistani, but I ain't gonna show any sympathy either.",hot_take,,
"
So we're all gonna blatantly accept the brain washing that's going on to literally hate hardworking athletes who have no bad records, but just because they're from an enemy country politically 🤡 Would you be ok to be called a terrorist by a Pakistani even though you're innocent?",analysis,,
"I'm not a Great Dhoni fan but I feel that, if this guy played against csk having MS as captain then dhoni would have definitely come up with a plan

Just like his straight fielder to pollard and giving Ashwin to bowl Chris Gayle etc etc like that...

Like those tactics I'm looking for from today's captains.. If you can't figure him out then he's gonna rattle every team.

Even on his worst day, he's leaving for the pavilion with 200SR and atleast a six!

NO WAY I'M JEALOUSY OF THIS INDIAN PRIDE, I'M SO PROUD THAT WE'VE GOT THIS GUY PLAY FOR OUR INDIA... It's just am questioning the captains tactics regarding him!",analysis,,
"
Ask CSK Durandhar deepak chahar😇who got him out twice when we faced him even in last season

jokes aside Vaibhav updated himself i followed his recent stints closely

With matches against u19 pak kids he used to throw his wk sometimes out of ego trying to take them

But this season he is respecting good balls and analysing opposition bowlers and field placements

Today he said "" the shot which he got out was bcoz he played straight after looking at the fielder at 3rd point ,he said he would have cleared it if he hitted in the area which he intended""

So he is not at all a blind slogger kid had the clarity about the stuff he is doing

His double bat swing is insane which generates him huge power

So any team looking to contain him won't Succeeds Bcoz he hitted 400 runs with sixes alone so he will make you pay for it later even if he is 10 of 20

So you need to deceive him with good slower balls or with good yorkers if you even missed your length by a inch he will make sure you pay for it",analysis,,
"
No deepak chahar was not a mid player and shardul also not a mid player

Shardul still picking wks even for Mi but he will leak runs so he need a setup where other bowlers won't be expensive which Mi ain't

And Deepak chahar was one of the highest wk taker in PP in ipl

But too many injuries his pace got decreased now he bowls at turtle pace

And yeah in CSK somehow many average players turned out to be gold

Don't know is it luck or bcoz of the team environment mostly team environment...",analysis,,
"
Was checking some stats. How good was Shaun Marsh? He has scored 1000 runs in just 21 innings!! Vaibhav played his 22nd innings today. But on runs by balls faced, he has a real chance to get to 1000 by breaking Russell's record. Russell has done it in 545 balls. Vaibhav is currently at 932 from 402 balls",analysis,,
"
Get a quick bowler 145+ 150+ even better Bowl at his legs he has a high bat lift he doesnt get down fast , same thing happend w kyle jameson Bowl 3 quick ball at his legs at the yorker region or low full toss Then do one slow wide yorker he will swing at it
You may miss ur length and get hit but u can get hit for 16 and take his wicket instead Something that should work on paper and yeah",analysis,,
"
While a low full toss is a bit different from normal ones , a bounces angling in the body has more chances to go wrong and get hit for a six because of his bat lift We can see he pull the ball really well he struggles with what comes at him",analysis,,
"
Man U are really underestimating Gayle He is the only player to have triple century in test double century in odi and century in t20i Most sixes in tests (98) Gayle was the same man across formats will Vaibhav be the same we never know it’s too early


",analysis,,
"
I think alot of teams try a plan, but dont stick to it, and keep changing it again and again. Hes very good no doubt, but he does have weakness.  Plus when he plays on international pitches, it will be exposed more often and will be easier to stop him. Nebertheless, exceptional talent",hot_take,,
"
You cannot get him out with his weaknesses at this moment, only way out is to make his strength as his weakness.

His game is all about reflexes. He has probably one of the best hand-eye coordination in the game right now and that comes through the combination of immense practice + young age + high mental focus + insane self belief.

You cannot change anything in his practice or age or self belief at the moment, the only thing you can disrupt is his focus.

Right now, he gets extremely frustrated if he doesn't meet his own standards. He hates if he underperforms. This is his weakness, which comes from his strength i.e., performance every game.

The only way to make him lose focus is to just keep bowling those yorkers and cut his runs and frustrate him with lack of boundaries. He'll try doing something that's not his natural game and that's where you'll find opportunities to get him out.",analysis,,
"Full toss is never a stratagy, even pure bowlers can hit sixes on full tosses. But this guy strike rate of full tosses is low. But if he realise they are using full tosses as strtaegy then its over for opposition.",analysis,,
"
He has a high bat lift and has low SR against on stump balls. So he could be taken down that way. Jameison did it. Hope he works on that like how Kohli worked on his 5th Stump outswinger problem.",analysis,,
"
He loves pace 130-140 so either go higher close to 150 kmph balls hitting yorkers and head high bouncers or bowler slower yorkers hitting legpads,, good swinging balls troubles him chahar,Bhuvi.

We need to see how he plays against good spinners once powerplay ends since there are 5 fielders outside he should play really cautious that might get him out.",analysis,,
"
Time for some more board exams. That's the only way to stop Vaibhav at this point. With this small boundaries and the newer bats and that hell of a bat swing and God's gift of biomechanics of naturally large shoulders and long arms, there is no way to defend against him. Unless there is something happening in the pitch.",analysis,,
"
They bowl to him like 15 year old, he hits them like a fokking 20-30 years old. That's why no one has been able to ""stop"" him. Simple.",analysis,,
"
I saw a kevin peterson video ft him where he missed some balls which where balled in to wide yorker by the bowling machines. So if bowlers think and ball accordingly mixing wide yorkers and yorkers. Also the type of ball Archer balled yesterday to Abhishek sharma can cook him. For for his age What a player. Generational Talent. I could lift a proper cricket bat at that age lol",analysis,,
"
Dhoni sort of did figure out though,
CSK under MS in 2025 got Vaibhav out after 50 if i am not wrong

Jadeja-Ashwin combo struck ig

BUT NEVERTHELESS,
the kid is a SPECIAL MADLAD",analysis,,
"He could be the first to score 500 in international test matches ,first to score 200 in T20s and 300 even 400 in odis",hot_take,,
"
Different ball game when it's in England or SA or Australia. With 2 world class bowlers at you from both ends. And the ball doing the talking.

These are flat pitches.

He's a serious talent and should be nurtured and need to be fastracked to indian side no doubt.

But they will eventually find a weakness and exploit but he is good enough to overcome the weakness.

We have seen greats like virat found out as well. But he came back stronger. So yeah let's go",analysis,,
"
If my argument is wrong then please do correct me. What about short of good lenght slightly outside off stump or around the wicket and good lenght outside off with 2 fielders in off side?

In 1st 2 overs with whatever asisitance you have with the new balls why dont sides try that? What am I missing?

I was sad when Srh only plan was to bowl yorkers with new balls",analysis,,
"
I think 140kph+ shoulder height bouncer angling into the body forces him to pull on the leg side but that goes hight up in the air and he gets caught. Seen him getting out like this a few times. But if ball line or length is even a little away from the body then it's a six.",analysis,,
"
Bowlers will have to accept that they will be hit for 10-15 runs before they get his wicket. Shouldn't matter if he gets in you in the first 3-4 balls, important to get his wicket immediately after. Set him up, then change of pace, execute a good yorker-length ball or into the wicket slower.",analysis,,
"
Only some swing & seam movement can trouble him! But then it will trouble even the best in the world. So if he manages to survive the initial few balls then he can take down the best in the world. I'm looking forward to see him face rabada tomorrow and then bhuvi in the final if RR get there. Those guys might trouble him. Bhuvi will definitely have a plan against him. Whether it works or not remains to be seen.

Also it's noticeable that whenever he has a failure in a game he gets a good score in the next. So if he fails in the next game and RR manage to get to the finals, then RCB watch out!!",analysis,,
"
The set going to be done should also be picked like players

Like there should be a draw to pick which of Bat 1, Alr 1, Pace 1, Spin 1, WK 1 will come first so its not unfair on bowlers who get less money",analysis,,
"
5th overseas should be allowed but the 5th player has to be from associate nation. (Zim, Ire, Ned etc). It's unfair for those players who hardly get chance to showcase their skills at high level to be competing against elites from top nations for limited slots. This would give more chances to players like Blessing Muzarabani, and would make league slightly more interesting with more diverse playing styles and maybe fans from those nations as well.",hot_take,,
"But not in WTC. And that means they hardly play tests. I should've said smaller nations (cricket-wise) perhaps. Afganistan can be included in that list as well, but they made it to semis in T20WC24 and their players will easily dominate other small nations in Indian conditions. So excluded them.",hot_take,,
"No need. I don't mean this badly but this is the Indian Premier League. Having an extra overseas player takes the spot away from an Indian talent who could play. It's not IPL's motive to develop or give exposure cricketers from associate nations, that's for ICC. If a player is good enough or has potential, let IPL teams scout them and give opportunities in place of an existing international player",analysis,,
"
Increasing overseas players from 4 to 5 along with impact player rule will just make things a lot more worse for bowlers on flat pitches I feel",analysis,,
"International quality has dropped considerably in the t20 format. India just bulldozed its way to 2 t20 wcs and no team even comes close to that 11 let alone the uncapped players trying to prove themselves. Increasing the number of international players per team is of no use from an entertainment standpoint


",analysis,,
"
Whatever stupid rule they used to retain Dhoni, such kinda nonsense should not be allowed and tolerated. I can almost see same nonsense happen with MI and RCB to retain Kohli/Rohit in the future.

These player based clubs and their fans already show enough toxicity, we dont need that anymore.",analysis,,
"Stop the pre auction trading. The Hardik-Green deal and now the Samson-Jadeja-Curran deal are examples. Sure, franchises get what they want but why not put the players in the auction and have all the interested teams get a fair chance? If this continues many high profile players would miss the auctions and get directly traded.",analysis,,
"
The value of a player isn’t decided in an ideal way.

Which one do you trust - Player X going into an auction, with 3-4 teams bidding on him and getting him for say 20cr, or a player trade which doesn’t really give us his actual value for the contract. And as I already said, every team should have a fair chance to bid for a player. A trade eliminates that option. Just my view.

Trades work in football leagues because their setup works on a different type of contracts, not entirely like IPL auctions.",analysis,,
"upto 6 retentions like last time but no limit of uncapped players and overseas players plus if a team retains only 1-2 players rest slots should be RTM Uncapped player cap should increase to 6 cr 1st retention should be 21cr 2nd 18 3rd 14 4th 11 5&6 8 each if capped

Squad number should increase from 25-30 with 10 overseas players",analysis,,
"
Follow the NBA model for the salary caps. Don't set the some arbitrary round figure as a cap. Cap should be calculated according to the revenue streams. And instead of strictly restricting teams from spending above this cap, make them pay heavy penalties when they cross the cap.",analysis,,
"
Remove the review for wides and no balls rule. Instead, wides and noballs should be automatically checked by the third umpire regardless of the standing umpire's call, and the decision should be overturned then and there",analysis,,
"Like how we have the rule of foreign players, why not have a rule on the number of uncapped who make it to the 12? If exposure of Indian cricketers is needed, make that 1 or 2, which have to be filled, so that the grassroot level players also get a chance to soak in the experience and pressure of a game.


",hot_take,,
"
Allow 8 RTMs.. from which teams can retain any number of players before auction and rest will be used as RTMs in the auction. This would allow players to test their market price and if they want to get retained, they can be retained as well.",analysis,,
"
Vaibhav was looking fine there , not struggling as much as I thought he would, he just played a completely unnecessary shot , it was his mistake.",analysis,,
"That's not how odi is played...sooryavanshi is definitely a good hitter...but most importantly ODIs and tests requires strike rotation, patience and maturity.",analysis,,
"
I don't think the Kohli blueprint will ever be matched

Yes, in the past, we had players like ABD and Dhoni who were great at running between the wickets

but no one can manipulate a field to take easy singles quite like Kohli can. He will barely hit 4 or 5 boundaries but he will have already made a 50 at 90-100 SR. That is his bread and butter since 2016

This new version of Kohli is one of the scariest ODI batters ever in my opinion, on the level of Viv Richards. He retains his incredible strike rotating skills but will also jump at you and hit you for sixes.",analysis,,
"he hit 3 fours in 3 balls and in next 9 balls he scored only 2 runs. his strike rotation is poor, odis require continuous strike exchange. kohlis blueprint is like this and he is the greatest white ball batsman of all time",analysis,,
"
Lol that's just not how it works

Just because we won, doesn't make his innings good.

There are a lot of better players available in odi setup. He's got to improve his spin play otherwise he won't get in odi setup. Team can't carry a handicap player who can't play spin. In world cups opponents can easily take advantage of his weakness",analysis,,
None of the selection is based on Vijay Hazare. And so called destroyers of Superstar culture wants Virat Rohit KL Shreyas etc to play in Vijay Hazare and prove their worth.,analysis,,
"
I don't understand why YBJ was picked as a replacement for Kohli in AFG ODIs. I mean nothing against YBJ but Rutu was a clear choice for that position having scored century the last game. Scored a ton today also.",analysis,,
"
He should have been in main team after that 100 against SA but so fucking idiot selectors that they didn't pick him even in India A squad just because he had a bad IPL. Century in internationals means nothing to them. He's there only because Riyan Parag got injured. 🤷‍♂️🤦🏻‍♂️",analysis,,
"I used to think PSL have some insane talent,when they used to score 230+ every game,I never imagined that pitch can change the dynamics totally. Now,when we are doing same thing repeatitvely,I feel we will also be exposed at icc tournaments or in long run it's not better for bowlers in india",analysis,,
"
Arya was the most impressive honestly, he was looking good could be a future player for odi in the top 3 especially when all our current top 4 are right handers , and he also did well in the previous list a matches",analysis,,
"
He did well in Vijay Hazare but he ends up playing fast but small knocks . He should focus more on hitting 100s and daddy hundreds . The intent shit is not for Test and Odi . You need good and big knocks to win against big teams.",analysis,,
"
The thing they just take players according to ipl but whenever they announced a team they always brag about domestic,even for already well proven players like VK,Rohit,shreyas,jaddu,shami . when shreyas came out of injury, he was asked to play domestic before getting into National. But how Harshit came into team without playing any matches for domestic team. Did he have any remarkable achievement that makes him exceptional every legends of the current Indian team.Even T20wc players from Ipl like Abishek sharma didn't perform when pitch is got something for bowlers.same goes for players like prasidh,nkr in tests and ODI's. Just say that we only choose players according to their current ipl form or don't brag about domestic",hot_take,,
"
this is gonna happen when you select odi team based on ipl. padikkal with average of over 80 in list A cricket is not playing this match and instead was warming the bench in that useless test match against afg.",analysis,,
"
When vaibhav name was making waves, Ashwin gave a mature answer, he is playing well, we shouldn't come to early conclusions, SENA pitches will test different.",analysis,,
"Usually i find Vaughn annoying but here I agree. The way to make ipl interesting again - no impact player, make boundaries bigger by 5-7 meters, don't make pitches that offer absolutely nothing for bowlers",analysis,,
"
And it's considered that way because of the impact player rule and batting friendly pitches. Back then a century felt impressive but these days every other match there's a century and a 30 ball 70 would be one in a three weeks kind of knock but again it has become way too common.",analysis,,
"
What opinion. Blud stated the obvious. BCCI won't see it that way though 

They have defended impact player in recent statements. Teams want BCCI to do more to generate revenue. Goenka said 18 games was promised to them. 

With betting app ban and viewership plateauing, BCCI won't risk removing impact player. ",analysis,,
"
3 suggestions :

Every pitch should have their speciality... Like some slower sluggish, some pitches being rank turner, some swing paradise, some with wobbly bounce, some have uneven bounce aka two paced and some bouncy like perth or south africa...

No impact player -> hampers all rounder and top order part timers a lot. (Need suresh raina , yuvi nad Sachin paajis more)

Powerplay divide -> 3 over batting powerplay (2 fielders outside - first 3) and 3 over bowling powerplay (6 fielders outside max - decided by fielding team after first 3 over, if time is delayed one fielder reduction to max limit)

Personally like 150-160 games, both parties are involved. Where 180 is hard to achieve and 200 is rare",analysis,,
That impact shit hampering all rounders is real. Name a good allrounder in IPL after the introduction of impact rule. So many debutants but not a good all rounder. We can also groom Abhishek's offspin like sachin sir's. Some will say its test but probably even Shahidi didnt even knew before this test match that he had this much potential in bowling. This is his first time bowling as a proper all rounder,analysis,,
Impact player is one issue that unites all cricket lovers. Everyone agreed it was shit when they introduced it. They agree it is shit now that is in force. And they will agree that it was shit when they finally get rid of it (hopefully soon).,analysis,,
"
I loved the 10th point. Cause he is Bumrah🔥",reaction,,
Thank you for keeping me in squad.💛💛,reaction,,
why this backlash towards half time show of final? it was literally awesome!!,reaction,,
Rcbasylum is absolute disgrace of a humanity. RCB sub is atleast civil.,hot_take,,
Love his comedy. Wish we see more of them,reaction,,
"Love that guy, a big positive for RCB compared to some of their fanbase",reaction,,
We have seen it before and it always works 🔥,reaction,,
"
OMG 😱",reaction,,
Broooooo😭😭crazzyyy writing,reaction,,
"This is exactly how I feel. You made me cry.


",reaction,,
"
We will miss him when he retires",reaction,,
"
everyone eyes on him.... truely inspring, more consistent!! King of Cricket #virat kohli",reaction,,
"Calm under pressure , clutch finish, and classic game-winning moment.Kohli knew the celebration was coming before the shot.


",reaction,,
"
IPL hastened it, but Kohli truly led the WWE-Ification of cricket.",hot_take,,
Virat is an addiction,reaction,,
Useless piece of aggression hate him,hot_take,,
"
rcb vs kkr is the oldest rivalry",reaction,,
"
Horrible Bosses",reaction,,
LETS GO RCB WON THE FINALS,reaction,,
such a close match!,reaction,,
Wow such an intense match,reaction,,
These new jerseys look fire,reaction,,
the matches are so cool,reaction,,
wow this looks amazing,reaction,,
virat kohli played like a masterclass,reaction,,
the finals was so worth it to watch,reaction,,
I agree RCB is simply the better team,hot_take,,
Cant believe GT chose to bowl!,reaction,,
